-- MySQL dump 10.13  Distrib 8.0.29, for Win64 (x86_64)
--
-- Host: localhost    Database: sisescola
-- ------------------------------------------------------
-- Server version	8.0.29

/*!40101 SET @OLD_CHARACTER_SET_CLIENT=@@CHARACTER_SET_CLIENT */;
/*!40101 SET @OLD_CHARACTER_SET_RESULTS=@@CHARACTER_SET_RESULTS */;
/*!40101 SET @OLD_COLLATION_CONNECTION=@@COLLATION_CONNECTION */;
/*!50503 SET NAMES utf8mb4 */;
/*!40103 SET @OLD_TIME_ZONE=@@TIME_ZONE */;
/*!40103 SET TIME_ZONE='+00:00' */;
/*!40014 SET @OLD_UNIQUE_CHECKS=@@UNIQUE_CHECKS, UNIQUE_CHECKS=0 */;
/*!40014 SET @OLD_FOREIGN_KEY_CHECKS=@@FOREIGN_KEY_CHECKS, FOREIGN_KEY_CHECKS=0 */;
/*!40101 SET @OLD_SQL_MODE=@@SQL_MODE, SQL_MODE='NO_AUTO_VALUE_ON_ZERO' */;
/*!40111 SET @OLD_SQL_NOTES=@@SQL_NOTES, SQL_NOTES=0 */;

--
-- Table structure for table `aluno`
--

DROP TABLE IF EXISTS `aluno`;
/*!40101 SET @saved_cs_client     = @@character_set_client */;
/*!50503 SET character_set_client = utf8mb4 */;
CREATE TABLE `aluno` (
  `id` int NOT NULL AUTO_INCREMENT,
  `nome` varchar(40) DEFAULT NULL,
  `nascimento` date DEFAULT NULL,
  `endereco` varchar(100) DEFAULT NULL,
  `numero_matricula` varchar(7) DEFAULT NULL,
  `cpf` varchar(45) DEFAULT NULL,
  PRIMARY KEY (`id`)
) ENGINE=InnoDB AUTO_INCREMENT=53 DEFAULT CHARSET=utf8mb4 COLLATE=utf8mb4_0900_ai_ci;
/*!40101 SET character_set_client = @saved_cs_client */;

--
-- Dumping data for table `aluno`
--

LOCK TABLES `aluno` WRITE;
/*!40000 ALTER TABLE `aluno` DISABLE KEYS */;
INSERT INTO `aluno` VALUES (1,'Marcos','2002-10-21','Rua do Limoeiro, 162',NULL,NULL),(3,'Maria Santos','2006-09-27','Rua Lima e Silva, 100',NULL,NULL),(4,'Pedro','2005-10-05','Rua Esteio, 152',NULL,NULL),(19,'Carlos',NULL,NULL,NULL,NULL),(32,'Carla',NULL,NULL,NULL,NULL),(45,'Ant么nio',NULL,NULL,NULL,NULL),(47,'Ana','2010-05-21','Rua tal, 276','1187625','11726152412'),(48,'Vanessa Bueno','2005-10-04','Rua dos Bobos, 0','9182765','00265487361'),(49,'Magali','2003-10-14','Rua Amantino Petefi, 45','1212','232323'),(50,'Magali','2003-10-14','Rua Amantino Petefi, 45','1212','232323'),(51,'Magali','2003-10-14','Rua Amantino Petefi, 45','1212','232323'),(52,'Magali','2003-10-14','Rua Amantino Petefi, 45','1212','232323');
/*!40000 ALTER TABLE `aluno` ENABLE KEYS */;
UNLOCK TABLES;

--
-- Table structure for table `aluno_responsavel`
--

DROP TABLE IF EXISTS `aluno_responsavel`;
/*!40101 SET @saved_cs_client     = @@character_set_client */;
/*!50503 SET character_set_client = utf8mb4 */;
CREATE TABLE `aluno_responsavel` (
  `aluno_id` int NOT NULL,
  `responsavel_id` int NOT NULL,
  PRIMARY KEY (`aluno_id`,`responsavel_id`),
  KEY `responsavel_id` (`responsavel_id`),
  CONSTRAINT `aluno_responsavel_ibfk_1` FOREIGN KEY (`aluno_id`) REFERENCES `aluno` (`id`),
  CONSTRAINT `aluno_responsavel_ibfk_2` FOREIGN KEY (`responsavel_id`) REFERENCES `responsavel` (`id`)
) ENGINE=InnoDB DEFAULT CHARSET=utf8mb4 COLLATE=utf8mb4_0900_ai_ci;
/*!40101 SET character_set_client = @saved_cs_client */;

--
-- Dumping data for table `aluno_responsavel`
--

LOCK TABLES `aluno_responsavel` WRITE;
/*!40000 ALTER TABLE `aluno_responsavel` DISABLE KEYS */;
INSERT INTO `aluno_responsavel` VALUES (3,1),(3,2);
/*!40000 ALTER TABLE `aluno_responsavel` ENABLE KEYS */;
UNLOCK TABLES;

--
-- Table structure for table `aluno_turma`
--

DROP TABLE IF EXISTS `aluno_turma`;
/*!40101 SET @saved_cs_client     = @@character_set_client */;
/*!50503 SET character_set_client = utf8mb4 */;
CREATE TABLE `aluno_turma` (
  `aluno_id` int NOT NULL,
  `turma_id` int NOT NULL,
  PRIMARY KEY (`aluno_id`,`turma_id`),
  KEY `aluno_turma_ibfk_2` (`turma_id`),
  CONSTRAINT `aluno_turma_ibfk_1` FOREIGN KEY (`aluno_id`) REFERENCES `aluno` (`id`),
  CONSTRAINT `aluno_turma_ibfk_2` FOREIGN KEY (`turma_id`) REFERENCES `turma` (`id`)
) ENGINE=InnoDB DEFAULT CHARSET=utf8mb4 COLLATE=utf8mb4_0900_ai_ci;
/*!40101 SET character_set_client = @saved_cs_client */;

--
-- Dumping data for table `aluno_turma`
--

LOCK TABLES `aluno_turma` WRITE;
/*!40000 ALTER TABLE `aluno_turma` DISABLE KEYS */;
INSERT INTO `aluno_turma` VALUES (1,1),(3,1),(4,1),(47,1);
/*!40000 ALTER TABLE `aluno_turma` ENABLE KEYS */;
UNLOCK TABLES;

--
-- Table structure for table `contato`
--

DROP TABLE IF EXISTS `contato`;
/*!40101 SET @saved_cs_client     = @@character_set_client */;
/*!50503 SET character_set_client = utf8mb4 */;
CREATE TABLE `contato` (
  `id` int NOT NULL AUTO_INCREMENT,
  `descricao` varchar(40) DEFAULT NULL,
  `tipo` varchar(10) DEFAULT NULL,
  `aluno_id` int DEFAULT NULL,
  PRIMARY KEY (`id`),
  KEY `contato_ibfk_1` (`aluno_id`),
  CONSTRAINT `contato_ibfk_1` FOREIGN KEY (`aluno_id`) REFERENCES `aluno` (`id`)
) ENGINE=InnoDB AUTO_INCREMENT=15 DEFAULT CHARSET=utf8mb4 COLLATE=utf8mb4_0900_ai_ci;
/*!40101 SET character_set_client = @saved_cs_client */;

--
-- Dumping data for table `contato`
--

LOCK TABLES `contato` WRITE;
/*!40000 ALTER TABLE `contato` DISABLE KEYS */;
INSERT INTO `contato` VALUES (9,'email@gmail.com','email',1),(10,'30378200','fone',1),(11,'30378298','fone',1),(12,'996732871','fone',1),(13,'999002828','telefone',51),(14,'999002828','telefone',52);
/*!40000 ALTER TABLE `contato` ENABLE KEYS */;
UNLOCK TABLES;

--
-- Table structure for table `curso`
--

DROP TABLE IF EXISTS `curso`;
/*!40101 SET @saved_cs_client     = @@character_set_client */;
/*!50503 SET character_set_client = utf8mb4 */;
CREATE TABLE `curso` (
  `id` int NOT NULL,
  `nome` varchar(45) DEFAULT NULL,
  `coordenador` varchar(45) DEFAULT NULL,
  PRIMARY KEY (`id`)
) ENGINE=InnoDB DEFAULT CHARSET=utf8mb4 COLLATE=utf8mb4_0900_ai_ci;
/*!40101 SET character_set_client = @saved_cs_client */;

--
-- Dumping data for table `curso`
--

LOCK TABLES `curso` WRITE;
/*!40000 ALTER TABLE `curso` DISABLE KEYS */;
/*!40000 ALTER TABLE `curso` ENABLE KEYS */;
UNLOCK TABLES;

--
-- Table structure for table `curso_disciplina`
--

DROP TABLE IF EXISTS `curso_disciplina`;
/*!40101 SET @saved_cs_client     = @@character_set_client */;
/*!50503 SET character_set_client = utf8mb4 */;
CREATE TABLE `curso_disciplina` (
  `curso_id` int NOT NULL,
  `disciplina_id` int NOT NULL,
  PRIMARY KEY (`curso_id`,`disciplina_id`),
  KEY `disciplina_id` (`disciplina_id`),
  CONSTRAINT `curso_disciplina_ibfk_1` FOREIGN KEY (`curso_id`) REFERENCES `curso` (`id`),
  CONSTRAINT `curso_disciplina_ibfk_2` FOREIGN KEY (`disciplina_id`) REFERENCES `disciplina` (`id`)
) ENGINE=InnoDB DEFAULT CHARSET=utf8mb4 COLLATE=utf8mb4_0900_ai_ci;
/*!40101 SET character_set_client = @saved_cs_client */;

--
-- Dumping data for table `curso_disciplina`
--

LOCK TABLES `curso_disciplina` WRITE;
/*!40000 ALTER TABLE `curso_disciplina` DISABLE KEYS */;
/*!40000 ALTER TABLE `curso_disciplina` ENABLE KEYS */;
UNLOCK TABLES;

--
-- Table structure for table `disciplina`
--

DROP TABLE IF EXISTS `disciplina`;
/*!40101 SET @saved_cs_client     = @@character_set_client */;
/*!50503 SET character_set_client = utf8mb4 */;
CREATE TABLE `disciplina` (
  `id` int NOT NULL,
  `nome` varchar(45) DEFAULT NULL,
  `codigo` varchar(45) DEFAULT NULL,
  PRIMARY KEY (`id`)
) ENGINE=InnoDB DEFAULT CHARSET=utf8mb4 COLLATE=utf8mb4_0900_ai_ci;
/*!40101 SET character_set_client = @saved_cs_client */;

--
-- Dumping data for table `disciplina`
--

LOCK TABLES `disciplina` WRITE;
/*!40000 ALTER TABLE `disciplina` DISABLE KEYS */;
/*!40000 ALTER TABLE `disciplina` ENABLE KEYS */;
UNLOCK TABLES;

--
-- Table structure for table `disciplina_turma`
--

DROP TABLE IF EXISTS `disciplina_turma`;
/*!40101 SET @saved_cs_client     = @@character_set_client */;
/*!50503 SET character_set_client = utf8mb4 */;
CREATE TABLE `disciplina_turma` (
  `disciplina_id` int NOT NULL,
  `turma_id` int NOT NULL,
  PRIMARY KEY (`disciplina_id`,`turma_id`),
  KEY `turma_id` (`turma_id`),
  CONSTRAINT `disciplina_turma_ibfk_1` FOREIGN KEY (`disciplina_id`) REFERENCES `disciplina` (`id`),
  CONSTRAINT `disciplina_turma_ibfk_2` FOREIGN KEY (`turma_id`) REFERENCES `turma` (`id`)
) ENGINE=InnoDB DEFAULT CHARSET=utf8mb4 COLLATE=utf8mb4_0900_ai_ci;
/*!40101 SET character_set_client = @saved_cs_client */;

--
-- Dumping data for table `disciplina_turma`
--

LOCK TABLES `disciplina_turma` WRITE;
/*!40000 ALTER TABLE `disciplina_turma` DISABLE KEYS */;
/*!40000 ALTER TABLE `disciplina_turma` ENABLE KEYS */;
UNLOCK TABLES;

--
-- Table structure for table `professor`
--

DROP TABLE IF EXISTS `professor`;
/*!40101 SET @saved_cs_client     = @@character_set_client */;
/*!50503 SET character_set_client = utf8mb4 */;
CREATE TABLE `professor` (
  `id` int NOT NULL AUTO_INCREMENT,
  `nome` varchar(45) DEFAULT NULL,
  PRIMARY KEY (`id`)
) ENGINE=InnoDB AUTO_INCREMENT=4 DEFAULT CHARSET=utf8mb4 COLLATE=utf8mb4_0900_ai_ci;
/*!40101 SET character_set_client = @saved_cs_client */;

--
-- Dumping data for table `professor`
--

LOCK TABLES `professor` WRITE;
/*!40000 ALTER TABLE `professor` DISABLE KEYS */;
INSERT INTO `professor` VALUES (1,'Ant么nio'),(2,'Ant么nio'),(3,'Ant么nio');
/*!40000 ALTER TABLE `professor` ENABLE KEYS */;
UNLOCK TABLES;

--
-- Table structure for table `responsavel`
--

DROP TABLE IF EXISTS `responsavel`;
/*!40101 SET @saved_cs_client     = @@character_set_client */;
/*!50503 SET character_set_client = utf8mb4 */;
CREATE TABLE `responsavel` (
  `id` int NOT NULL,
  `nome` varchar(45) DEFAULT NULL,
  `endereco` varchar(45) DEFAULT NULL,
  PRIMARY KEY (`id`)
) ENGINE=InnoDB DEFAULT CHARSET=utf8mb4 COLLATE=utf8mb4_0900_ai_ci;
/*!40101 SET character_set_client = @saved_cs_client */;

--
-- Dumping data for table `responsavel`
--

LOCK TABLES `responsavel` WRITE;
/*!40000 ALTER TABLE `responsavel` DISABLE KEYS */;
INSERT INTO `responsavel` VALUES (1,'Joana','Rua etc, 178'),(2,'Pedro','Rua etc, 178');
/*!40000 ALTER TABLE `responsavel` ENABLE KEYS */;
UNLOCK TABLES;

--
-- Table structure for table `turma`
--

DROP TABLE IF EXISTS `turma`;
/*!40101 SET @saved_cs_client     = @@character_set_client */;
/*!50503 SET character_set_client = utf8mb4 */;
CREATE TABLE `turma` (
  `id` int NOT NULL AUTO_INCREMENT,
  `semestre` varchar(10) DEFAULT NULL,
  `professor_id` int DEFAULT NULL,
  PRIMARY KEY (`id`),
  KEY `professor_id` (`professor_id`),
  CONSTRAINT `turma_ibfk_1` FOREIGN KEY (`professor_id`) REFERENCES `professor` (`id`)
) ENGINE=InnoDB AUTO_INCREMENT=6 DEFAULT CHARSET=utf8mb4 COLLATE=utf8mb4_0900_ai_ci;
/*!40101 SET character_set_client = @saved_cs_client */;

--
-- Dumping data for table `turma`
--

LOCK TABLES `turma` WRITE;
/*!40000 ALTER TABLE `turma` DISABLE KEYS */;
INSERT INTO `turma` VALUES (1,'2023/1',NULL),(2,'2022/1',NULL),(3,'2021/2',NULL),(4,'2021/2',2),(5,'2021/2',3);
/*!40000 ALTER TABLE `turma` ENABLE KEYS */;
UNLOCK TABLES;
/*!40103 SET TIME_ZONE=@OLD_TIME_ZONE */;

/*!40101 SET SQL_MODE=@OLD_SQL_MODE */;
/*!40014 SET FOREIGN_KEY_CHECKS=@OLD_FOREIGN_KEY_CHECKS */;
/*!40014 SET UNIQUE_CHECKS=@OLD_UNIQUE_CHECKS */;
/*!40101 SET CHARACTER_SET_CLIENT=@OLD_CHARACTER_SET_CLIENT */;
/*!40101 SET CHARACTER_SET_RESULTS=@OLD_CHARACTER_SET_RESULTS */;
/*!40101 SET COLLATION_CONNECTION=@OLD_COLLATION_CONNECTION */;
/*!40111 SET SQL_NOTES=@OLD_SQL_NOTES */;

-- Dump completed on 2023-04-13 10:16:22
